[
  "/Users/nataliamesquita/datatech/icones-bandeiras-br-uf/data/raw-flags/AM/1300706-boca-do-acre.svg",
  "/Users/nataliamesquita/datatech/icones-bandeiras-br-uf/data/raw-flags/AM/1301951-itamarati.svg",
  "/Users/nataliamesquita/datatech/icones-bandeiras-br-uf/data/raw-flags/AM/1302801-maraa.svg",
  "/Users/nataliamesquita/datatech/icones-bandeiras-br-uf/data/raw-flags/AM/1303502-pauini.svg",
  "/Users/nataliamesquita/datatech/icones-bandeiras-br-uf/data/raw-flags/AM/1303908-sao-paulo-de-olivenca.svg",
  "/Users/nataliamesquita/datatech/icones-bandeiras-br-uf/data/raw-flags/AM/1304104-tapaua.svg",
  "/Users/nataliamesquita/datatech/icones-bandeiras-br-uf/data/raw-flags/AM/1304302-urucara.svg",
  "/Users/nataliamesquita/datatech/icones-bandeiras-br-uf/data/raw-flags/BA/2900108-abaira.svg",
  "/Users/nataliamesquita/datatech/icones-bandeiras-br-uf/data/raw-flags/BA/2900900-almadina.svg",
  "/Users/nataliamesquita/datatech/icones-bandeiras-br-uf/data/raw-flags/BA/2901155-america-dourada.svg",
  "/Users/nataliamesquita/datatech/icones-bandeiras-br-uf/data/raw-flags/BA/2901304-andarai.svg",
  "/Users/nataliamesquita/datatech/icones-bandeiras-br-uf/data/raw-flags/BA/2901353-andorinha.svg",
  "/Users/nataliamesquita/datatech/icones-bandeiras-br-uf/data/raw-flags/BA/2901403-angical.svg",
  "/Users/nataliamesquita/datatech/icones-bandeiras-br-uf/data/raw-flags/BA/2901601-antas.svg",
  "/Users/nataliamesquita/datatech/icones-bandeiras-br-uf/data/raw-flags/BA/2901809-antonio-goncalves.svg",
  "/Users/nataliamesquita/datatech/icones-bandeiras-br-uf/data/raw-flags/BA/2901957-apuarema.svg",
  "/Users/nataliamesquita/datatech/icones-bandeiras-br-uf/data/raw-flags/BA/2902203-aramari.svg",
  "/Users/nataliamesquita/datatech/icones-bandeiras-br-uf/data/raw-flags/BA/2902252-arataca.svg",
  "/Users/nataliamesquita/datatech/icones-bandeiras-br-uf/data/raw-flags/BA/2902302-aratuipe.svg",
  "/Users/nataliamesquita/datatech/icones-bandeiras-br-uf/data/raw-flags/BA/2902401-aurelino-leal.svg",
  "/Users/nataliamesquita/datatech/icones-bandeiras-br-uf/data/raw-flags/BA/2902500-baianopolis.svg",
  "/Users/nataliamesquita/datatech/icones-bandeiras-br-uf/data/raw-flags/BA/2903102-barra-do-rocha.svg",
  "/Users/nataliamesquita/datatech/icones-bandeiras-br-uf/data/raw-flags/BA/2903276-barrocas.svg",
  "/Users/nataliamesquita/datatech/icones-bandeiras-br-uf/data/raw-flags/BA/2903300-barro-preto.svg",
  "/Users/nataliamesquita/datatech/icones-bandeiras-br-uf/data/raw-flags/BA/2903409-belmonte.svg",
  "/Users/nataliamesquita/datatech/icones-bandeiras-br-uf/data/raw-flags/BA/2903508-belo-campo.svg",
  "/Users/nataliamesquita/datatech/icones-bandeiras-br-uf/data/raw-flags/BA/2903607-biritinga.svg",
  "/Users/nataliamesquita/datatech/icones-bandeiras-br-uf/data/raw-flags/BA/2903706-boa-nova.svg",
  "/Users/nataliamesquita/datatech/icones-bandeiras-br-uf/data/raw-flags/BA/2903805-boa-vista-do-tupim.svg",
  "/Users/nataliamesquita/datatech/icones-bandeiras-br-uf/data/raw-flags/BA/2903953-bom-jesus-da-serra.svg",
  "/Users/nataliamesquita/datatech/icones-bandeiras-br-uf/data/raw-flags/BA/2904209-botupora.svg",
  "/Users/nataliamesquita/datatech/icones-bandeiras-br-uf/data/raw-flags/BA/2904407-brejolandia.svg",
  "/Users/nataliamesquita/datatech/icones-bandeiras-br-uf/data/raw-flags/BA/2904704-buerarema.svg",
  "/Users/nataliamesquita/datatech/icones-bandeiras-br-uf/data/raw-flags/BA/2904753-buritirama.svg",
  "/Users/nataliamesquita/datatech/icones-bandeiras-br-uf/data/raw-flags/BA/2904852-cabaceiras-do-paraguacu.svg",
  "/Users/nataliamesquita/datatech/icones-bandeiras-br-uf/data/raw-flags/BA/2905156-caetanos.svg",
  "/Users/nataliamesquita/datatech/icones-bandeiras-br-uf/data/raw-flags/BA/2905404-cairu.svg",
  "/Users/nataliamesquita/datatech/icones-bandeiras-br-uf/data/raw-flags/BA/2905503-caldeirao-grande.svg",
  "/Users/nataliamesquita/datatech/icones-bandeiras-br-uf/data/raw-flags/BA/2905800-camamu.svg",
  "/Users/nataliamesquita/datatech/icones-bandeiras-br-uf/data/raw-flags/BA/2905909-campo-alegre-de-lourdes.svg",
  "/Users/nataliamesquita/datatech/icones-bandeiras-br-uf/data/raw-flags/BA/2906402-candeal.svg",
  "/Users/nataliamesquita/datatech/icones-bandeiras-br-uf/data/raw-flags/BA/2906501-candeias.svg",
  "/Users/nataliamesquita/datatech/icones-bandeiras-br-uf/data/raw-flags/BA/2906824-canudos.svg",
  "/Users/nataliamesquita/datatech/icones-bandeiras-br-uf/data/raw-flags/BA/2906857-capela-do-alto-alegre.svg",
  "/Users/nataliamesquita/datatech/icones-bandeiras-br-uf/data/raw-flags/BA/2906873-capim-grosso.svg",
  "/Users/nataliamesquita/datatech/icones-bandeiras-br-uf/data/raw-flags/BA/2906899-caraibas.svg",
  "/Users/nataliamesquita/datatech/icones-bandeiras-br-uf/data/raw-flags/BA/2907103-carinhanha.svg",
  "/Users/nataliamesquita/datatech/icones-bandeiras-br-uf/data/raw-flags/BA/2907301-castro-alves.svg",
  "/Users/nataliamesquita/datatech/icones-bandeiras-br-uf/data/raw-flags/PI/2203420-domingos-mourao.svg",
  "/Users/nataliamesquita/datatech/icones-bandeiras-br-uf/data/raw-flags/PI/2203453-dom-inocencio.svg",
  "/Users/nataliamesquita/datatech/icones-bandeiras-br-uf/data/raw-flags/PI/2203602-eliseu-martins.svg",
  "/Users/nataliamesquita/datatech/icones-bandeiras-br-uf/data/raw-flags/PI/2203750-fartura-do-piaui.svg",
  "/Users/nataliamesquita/datatech/icones-bandeiras-br-uf/data/raw-flags/PI/2203800-flores-do-piaui.svg",
  "/Users/nataliamesquita/datatech/icones-bandeiras-br-uf/data/raw-flags/PI/2204006-francinopolis.svg",
  "/Users/nataliamesquita/datatech/icones-bandeiras-br-uf/data/raw-flags/AC/1200252-epitaciolandia.svg",
  "/Users/nataliamesquita/datatech/icones-bandeiras-br-uf/data/raw-flags/AC/1200328-jordao.svg",
  "/Users/nataliamesquita/datatech/icones-bandeiras-br-uf/data/raw-flags/AC/1200344-manoel-urbano.svg",
  "/Users/nataliamesquita/datatech/icones-bandeiras-br-uf/data/raw-flags/AC/1200351-marechal-thaumaturgo.svg",
  "/Users/nataliamesquita/datatech/icones-bandeiras-br-uf/data/raw-flags/AC/1200435-santa-rosa-do-purus.svg",
  "/Users/nataliamesquita/datatech/icones-bandeiras-br-uf/data/raw-flags/AC/1200609-tarauaca.svg",
  "/Users/nataliamesquita/datatech/icones-bandeiras-br-uf/data/raw-flags/AC/1200807-porto-acre.svg",
  "/Users/nataliamesquita/datatech/icones-bandeiras-br-uf/data/raw-flags/AL/2701100-branquinha.svg",
  "/Users/nataliamesquita/datatech/icones-bandeiras-br-uf/data/raw-flags/AL/2701506-campo-grande.svg",
  "/Users/nataliamesquita/datatech/icones-bandeiras-br-uf/data/raw-flags/AL/2701605-canapi.svg",
  "/Users/nataliamesquita/datatech/icones-bandeiras-br-uf/data/raw-flags/AL/2702207-coqueiro-seco.svg",
  "/Users/nataliamesquita/datatech/icones-bandeiras-br-uf/data/raw-flags/AL/2702553-estrela-de-alagoas.svg",
  "/Users/nataliamesquita/datatech/icones-bandeiras-br-uf/data/raw-flags/AL/2702702-feliz-deserto.svg",
  "/Users/nataliamesquita/datatech/icones-bandeiras-br-uf/data/raw-flags/AL/2703106-igaci.svg",
  "/Users/nataliamesquita/datatech/icones-bandeiras-br-uf/data/raw-flags/AL/2703205-igreja-nova.svg",
  "/Users/nataliamesquita/datatech/icones-bandeiras-br-uf/data/raw-flags/AL/2703403-jacare-dos-homens.svg",
  "/Users/nataliamesquita/datatech/icones-bandeiras-br-uf/data/raw-flags/AL/2703700-jaramataia.svg",
  "/Users/nataliamesquita/datatech/icones-bandeiras-br-uf/data/raw-flags/AL/2703809-joaquim-gomes.svg",
  "/Users/nataliamesquita/datatech/icones-bandeiras-br-uf/data/raw-flags/AL/2703908-jundia.svg",
  "/Users/nataliamesquita/datatech/icones-bandeiras-br-uf/data/raw-flags/AL/2704005-junqueiro.svg",
  "/Users/nataliamesquita/datatech/icones-bandeiras-br-uf/data/raw-flags/AL/2704500-maragogi.svg",
  "/Users/nataliamesquita/datatech/icones-bandeiras-br-uf/data/raw-flags/AL/2704807-maribondo.svg",
  "/Users/nataliamesquita/datatech/icones-bandeiras-br-uf/data/raw-flags/AL/2704906-mar-vermelho.svg",
  "/Users/nataliamesquita/datatech/icones-bandeiras-br-uf/data/raw-flags/AL/2705200-messias.svg",
  "/Users/nataliamesquita/datatech/icones-bandeiras-br-uf/data/raw-flags/AL/2705309-minador-do-negrao.svg",
  "/Users/nataliamesquita/datatech/icones-bandeiras-br-uf/data/raw-flags/AL/2705408-monteiropolis.svg",
  "/Users/nataliamesquita/datatech/icones-bandeiras-br-uf/data/raw-flags/AL/2705804-olho-d-agua-do-casado.svg",
  "/Users/nataliamesquita/datatech/icones-bandeiras-br-uf/data/raw-flags/AL/2706208-palestina.svg",
  "/Users/nataliamesquita/datatech/icones-bandeiras-br-uf/data/raw-flags/AL/2706422-pariconha.svg",
  "/Users/nataliamesquita/datatech/icones-bandeiras-br-uf/data/raw-flags/AL/2706505-passo-de-camaragibe.svg",
  "/Users/nataliamesquita/datatech/icones-bandeiras-br-uf/data/raw-flags/AL/2706604-paulo-jacinto.svg",
  "/Users/nataliamesquita/datatech/icones-bandeiras-br-uf/data/raw-flags/AL/2707008-pindoba.svg",
  "/Users/nataliamesquita/datatech/icones-bandeiras-br-uf/data/raw-flags/AL/2707107-piranhas.svg",
  "/Users/nataliamesquita/datatech/icones-bandeiras-br-uf/data/raw-flags/AL/2707206-poco-das-trincheiras.svg",
  "/Users/nataliamesquita/datatech/icones-bandeiras-br-uf/data/raw-flags/AL/2707404-porto-de-pedras.svg",
  "/Users/nataliamesquita/datatech/icones-bandeiras-br-uf/data/raw-flags/AL/2707701-rio-largo.svg",
  "/Users/nataliamesquita/datatech/icones-bandeiras-br-uf/data/raw-flags/AL/2707800-roteiro.svg",
  "/Users/nataliamesquita/datatech/icones-bandeiras-br-uf/data/raw-flags/AL/2708204-sao-bras.svg",
  "/Users/nataliamesquita/datatech/icones-bandeiras-br-uf/data/raw-flags/AL/2708402-sao-jose-da-tapera.svg",
  "/Users/nataliamesquita/datatech/icones-bandeiras-br-uf/data/raw-flags/AL/2708709-sao-miguel-dos-milagres.svg",
  "/Users/nataliamesquita/datatech/icones-bandeiras-br-uf/data/raw-flags/AL/2709004-tanque-d-arca.svg",
  "/Users/nataliamesquita/datatech/icones-bandeiras-br-uf/data/raw-flags/AL/2709103-taquarana.svg",
  "/Users/nataliamesquita/datatech/icones-bandeiras-br-uf/data/raw-flags/AL/2707909-santa-luzia-do-norte.gif",
  "/Users/nataliamesquita/datatech/icones-bandeiras-br-uf/data/raw-flags/AM/1300631-beruri.svg",
  "/Users/nataliamesquita/datatech/icones-bandeiras-br-uf/data/raw-flags/AM/1304237-tonantins.svg",
  "/Users/nataliamesquita/datatech/icones-bandeiras-br-uf/data/raw-flags/AM/1304260-uarini.svg",
  "/Users/nataliamesquita/datatech/icones-bandeiras-br-uf/data/raw-flags/AM/1304401-urucurituba.svg",
  "/Users/nataliamesquita/datatech/icones-bandeiras-br-uf/data/raw-flags/AP/1600055-serra-do-navio.svg",
  "/Users/nataliamesquita/datatech/icones-bandeiras-br-uf/data/raw-flags/AP/1600253-itaubal.svg",
  "/Users/nataliamesquita/datatech/icones-bandeiras-br-uf/data/raw-flags/AP/1600550-pracuuba.svg",
  "/Users/nataliamesquita/datatech/icones-bandeiras-br-uf/data/raw-flags/AM/1300680-boa-vista-do-ramos.svg",
  "/Users/nataliamesquita/datatech/icones-bandeiras-br-uf/data/raw-flags/AM/1302009-itapiranga.svg",
  "/Users/nataliamesquita/datatech/icones-bandeiras-br-uf/data/raw-flags/AM/1302553-manaquiri.svg",
  "/Users/nataliamesquita/datatech/icones-bandeiras-br-uf/data/raw-flags/AM/1302603-manaus.svg",
  "/Users/nataliamesquita/datatech/icones-bandeiras-br-uf/data/raw-flags/AM/1303205-novo-airao.svg",
  "/Users/nataliamesquita/datatech/icones-bandeiras-br-uf/data/raw-flags/CE/2310506-pedra-branca.jpg",
  "/Users/nataliamesquita/datatech/icones-bandeiras-br-uf/data/raw-flags/BA/2901700-antonio-cardoso.jpg",
  "/Users/nataliamesquita/datatech/icones-bandeiras-br-uf/data/raw-flags/MA/2102101-brejo.jpg",
  "/Users/nataliamesquita/datatech/icones-bandeiras-br-uf/data/raw-flags/PI/2202251-canavieira.svg",
  "/Users/nataliamesquita/datatech/icones-bandeiras-br-uf/data/raw-flags/MG/3116308-cipotanea.png",
  "/Users/nataliamesquita/datatech/icones-bandeiras-br-uf/data/raw-flags/BA/2923902-pau-brasil.jpg",
  "/Users/nataliamesquita/datatech/icones-bandeiras-br-uf/data/raw-flags/BA/2918357-joao-dourado.jpg",
  "/Users/nataliamesquita/datatech/icones-bandeiras-br-uf/data/raw-flags/BA/2923209-oliveira-dos-brejinhos.png",
  "/Users/nataliamesquita/datatech/icones-bandeiras-br-uf/data/raw-flags/BA/2915353-itaguacu-da-bahia.jpg",
  "/Users/nataliamesquita/datatech/icones-bandeiras-br-uf/data/raw-flags/SP/3525201-jarinu.jpg",
  "/Users/nataliamesquita/datatech/icones-bandeiras-br-uf/data/raw-flags/BA/2920304-malhada-de-pedras.png",
  "/Users/nataliamesquita/datatech/icones-bandeiras-br-uf/data/raw-flags/MG/3141306-medeiros.png",
  "/Users/nataliamesquita/datatech/icones-bandeiras-br-uf/data/raw-flags/BA/2921906-mucuge.png",
  "/Users/nataliamesquita/datatech/icones-bandeiras-br-uf/data/raw-flags/TO/1714302-nazare.jpg",
  "/Users/nataliamesquita/datatech/icones-bandeiras-br-uf/data/raw-flags/BA/2928505-santa-terezinha.gif",
  "/Users/nataliamesquita/datatech/icones-bandeiras-br-uf/data/raw-flags/MG/3168101-tapira.png",
  "/Users/nataliamesquita/datatech/icones-bandeiras-br-uf/data/raw-flags/BA/2932309-ubata.png",
  "/Users/nataliamesquita/datatech/icones-bandeiras-br-uf/data/raw-flags/PE/2601052-aracoiaba.svg",
  "/Users/nataliamesquita/datatech/icones-bandeiras-br-uf/data/raw-flags/CE/2304285-eusebio.jpg",
  "/Users/nataliamesquita/datatech/icones-bandeiras-br-uf/data/raw-flags/TO/1709807-ipueiras.jpg",
  "/Users/nataliamesquita/datatech/icones-bandeiras-br-uf/data/raw-flags/PA/1506138-redencao.jpg",
  "/Users/nataliamesquita/datatech/icones-bandeiras-br-uf/data/raw-flags/RN/2414506-umarizal.jpg",
  "/Users/nataliamesquita/datatech/icones-bandeiras-br-uf/data/raw-flags/ES/3201100-bom-jesus-do-norte.gif",
  "/Users/nataliamesquita/datatech/icones-bandeiras-br-uf/data/raw-flags/GO/5207501-estrela-do-norte.jpg",
  "/Users/nataliamesquita/datatech/icones-bandeiras-br-uf/data/raw-flags/GO/5204300-cacu.jpg",
  "/Users/nataliamesquita/datatech/icones-bandeiras-br-uf/data/raw-flags/MG/3108206-bonfinopolis-de-minas.jpg",
  "/Users/nataliamesquita/datatech/icones-bandeiras-br-uf/data/raw-flags/MA/2102200-buriti.jpg",
  "/Users/nataliamesquita/datatech/icones-bandeiras-br-uf/data/raw-flags/GO/5204201-cachoeira-de-goias.jpg",
  "/Users/nataliamesquita/datatech/icones-bandeiras-br-uf/data/raw-flags/GO/5218805-rio-verde.jpg",
  "/Users/nataliamesquita/datatech/icones-bandeiras-br-uf/data/raw-flags/GO/5214879-nova-iguacu-de-goias.jpg",
  "/Users/nataliamesquita/datatech/icones-bandeiras-br-uf/data/raw-flags/PR/4112108-jandaia-do-sul.png",
  "/Users/nataliamesquita/datatech/icones-bandeiras-br-uf/data/raw-flags/SC/4208906-jaragua-do-sul.svg",
  "/Users/nataliamesquita/datatech/icones-bandeiras-br-uf/data/raw-flags/GO/5214804-nova-aurora.jpg",
  "/Users/nataliamesquita/datatech/icones-bandeiras-br-uf/data/raw-flags/GO/5220058-sao-joao-da-parauna.jpg",
  "/Users/nataliamesquita/datatech/icones-bandeiras-br-uf/data/raw-flags/GO/5219704-santa-terezinha-de-goias.jpg",
  "/Users/nataliamesquita/datatech/icones-bandeiras-br-uf/data/raw-flags/SP/3546801-santa-isabel.jpg",
  "/Users/nataliamesquita/datatech/icones-bandeiras-br-uf/data/raw-flags/GO/5219738-santo-antonio-de-goias.png",
  "/Users/nataliamesquita/datatech/icones-bandeiras-br-uf/data/raw-flags/MA/2100402-altamira-do-maranhao.jpg",
  "/Users/nataliamesquita/datatech/icones-bandeiras-br-uf/data/raw-flags/TO/1702901-axixa-do-tocantins.jpg",
  "/Users/nataliamesquita/datatech/icones-bandeiras-br-uf/data/raw-flags/MA/2110807-sao-felix-de-balsas.png",
  "/Users/nataliamesquita/datatech/icones-bandeiras-br-uf/data/raw-flags/MA/2112803-viana.png",
  "/Users/nataliamesquita/datatech/icones-bandeiras-br-uf/data/raw-flags/MA/2104552-governador-edison-lobao.png",
  "/Users/nataliamesquita/datatech/icones-bandeiras-br-uf/data/raw-flags/MG/3134004-itinga.jpg",
  "/Users/nataliamesquita/datatech/icones-bandeiras-br-uf/data/raw-flags/PR/4115903-mirador.png",
  "/Users/nataliamesquita/datatech/icones-bandeiras-br-uf/data/raw-flags/MA/2110104-santa-quiteria-do-maranhao.jpg",
  "/Users/nataliamesquita/datatech/icones-bandeiras-br-uf/data/raw-flags/PR/4123501-santa-helena.jpg",
  "/Users/nataliamesquita/datatech/icones-bandeiras-br-uf/data/raw-flags/MG/3157807-santa-luzia.png",
  "/Users/nataliamesquita/datatech/icones-bandeiras-br-uf/data/raw-flags/SC/4216305-sao-joao-batista.gif",
  "/Users/nataliamesquita/datatech/icones-bandeiras-br-uf/data/raw-flags/MA/2114007-ze-doca.png",
  "/Users/nataliamesquita/datatech/icones-bandeiras-br-uf/data/raw-flags/PE/2613800-sao-vicente-ferrer.svg",
  "/Users/nataliamesquita/datatech/icones-bandeiras-br-uf/data/raw-flags/MA/2111763-senador-la-rocque.jpg",
  "/Users/nataliamesquita/datatech/icones-bandeiras-br-uf/data/raw-flags/MG/3161700-sao-goncalo-do-abaete.jpg",
  "/Users/nataliamesquita/datatech/icones-bandeiras-br-uf/data/raw-flags/MG/3160009-santo-antonio-do-aventureiro.png",
  "/Users/nataliamesquita/datatech/icones-bandeiras-br-uf/data/raw-flags/PR/4101655-arapua.png",
  "/Users/nataliamesquita/datatech/icones-bandeiras-br-uf/data/raw-flags/MG/3145703-oliveira-fortes.jpg",
  "/Users/nataliamesquita/datatech/icones-bandeiras-br-uf/data/raw-flags/MG/3160900-sao-bras-do-suacui.png",
  "/Users/nataliamesquita/datatech/icones-bandeiras-br-uf/data/raw-flags/MG/3140555-mata-verde.jpg",
  "/Users/nataliamesquita/datatech/icones-bandeiras-br-uf/data/raw-flags/MG/3143500-morada-nova-de-minas.jpg",
  "/Users/nataliamesquita/datatech/icones-bandeiras-br-uf/data/raw-flags/MG/3150158-piedade-de-caratinga.png",
  "/Users/nataliamesquita/datatech/icones-bandeiras-br-uf/data/raw-flags/MG/3162948-sao-jose-da-barra.jpg",
  "/Users/nataliamesquita/datatech/icones-bandeiras-br-uf/data/raw-flags/MG/3132800-itambe-do-mato-dentro.png",
  "/Users/nataliamesquita/datatech/icones-bandeiras-br-uf/data/raw-flags/PI/2201002-arraial.png",
  "/Users/nataliamesquita/datatech/icones-bandeiras-br-uf/data/raw-flags/MG/3160959-sao-domingos-das-dores.jpg",
  "/Users/nataliamesquita/datatech/icones-bandeiras-br-uf/data/raw-flags/MG/3148905-pedra-do-indaia.png",
  "/Users/nataliamesquita/datatech/icones-bandeiras-br-uf/data/raw-flags/MG/3136405-joaquim-felicio.png",
  "/Users/nataliamesquita/datatech/icones-bandeiras-br-uf/data/raw-flags/MG/3155900-rio-preto.jpg",
  "/Users/nataliamesquita/datatech/icones-bandeiras-br-uf/data/raw-flags/MG/3141801-minas-novas.jpg",
  "/Users/nataliamesquita/datatech/icones-bandeiras-br-uf/data/raw-flags/MG/3158003-santa-maria-de-itabira.jpg",
  "/Users/nataliamesquita/datatech/icones-bandeiras-br-uf/data/raw-flags/SP/3522406-itapeva.jpg",
  "/Users/nataliamesquita/datatech/icones-bandeiras-br-uf/data/raw-flags/MG/3160306-santo-antonio-do-jacinto.png",
  "/Users/nataliamesquita/datatech/icones-bandeiras-br-uf/data/raw-flags/MG/3135704-jequitiba.jpg",
  "/Users/nataliamesquita/datatech/icones-bandeiras-br-uf/data/raw-flags/MG/3153509-alto-jequitiba.jpg",
  "/Users/nataliamesquita/datatech/icones-bandeiras-br-uf/data/raw-flags/MG/3162203-sao-joao-batista-do-gloria.jpg",
  "/Users/nataliamesquita/datatech/icones-bandeiras-br-uf/data/raw-flags/MG/3137536-lagoa-grande.jpg",
  "/Users/nataliamesquita/datatech/icones-bandeiras-br-uf/data/raw-flags/MG/3148004-patos-de-minas.png",
  "/Users/nataliamesquita/datatech/icones-bandeiras-br-uf/data/raw-flags/MG/3140704-mateus-leme.png",
  "/Users/nataliamesquita/datatech/icones-bandeiras-br-uf/data/raw-flags/MG/3154002-raul-soares.png",
  "/Users/nataliamesquita/datatech/icones-bandeiras-br-uf/data/raw-flags/MG/3143401-monte-siao.jpg",
  "/Users/nataliamesquita/datatech/icones-bandeiras-br-uf/data/raw-flags/MG/3151404-pitangui.jpg",
  "/Users/nataliamesquita/datatech/icones-bandeiras-br-uf/data/raw-flags/MG/3147808-passa-vinte.png",
  "/Users/nataliamesquita/datatech/icones-bandeiras-br-uf/data/raw-flags/MG/3159209-santa-rita-de-caldas.png",
  "/Users/nataliamesquita/datatech/icones-bandeiras-br-uf/data/raw-flags/MG/3153400-presidente-olegario.jpg",
  "/Users/nataliamesquita/datatech/icones-bandeiras-br-uf/data/raw-flags/MG/3158102-santa-maria-do-salto.jpg",
  "/Users/nataliamesquita/datatech/icones-bandeiras-br-uf/data/raw-flags/MG/3158805-santana-do-jacare.png",
  "/Users/nataliamesquita/datatech/icones-bandeiras-br-uf/data/raw-flags/MG/3166709-serra-dos-aimores.jpg",
  "/Users/nataliamesquita/datatech/icones-bandeiras-br-uf/data/raw-flags/RS/4317301-santa-vitoria-do-palmar.png",
  "/Users/nataliamesquita/datatech/icones-bandeiras-br-uf/data/raw-flags/MG/3165800-senador-jose-bento.jpg",
  "/Users/nataliamesquita/datatech/icones-bandeiras-br-uf/data/raw-flags/MG/3164308-sao-roque-de-minas.png",
  "/Users/nataliamesquita/datatech/icones-bandeiras-br-uf/data/raw-flags/PB/2513984-sao-francisco.svg",
  "/Users/nataliamesquita/datatech/icones-bandeiras-br-uf/data/raw-flags/MG/3161601-sao-geraldo-da-piedade.jpg",
  "/Users/nataliamesquita/datatech/icones-bandeiras-br-uf/data/raw-flags/MG/3162401-sao-joao-da-ponte.jpg",
  "/Users/nataliamesquita/datatech/icones-bandeiras-br-uf/data/raw-flags/PI/2210052-sao-jose-do-divino.jpg",
  "/Users/nataliamesquita/datatech/icones-bandeiras-br-uf/data/raw-flags/PI/2210102-sao-jose-do-peixe.jpg",
  "/Users/nataliamesquita/datatech/icones-bandeiras-br-uf/data/raw-flags/MG/3164001-sao-pedro-dos-ferros.jpg",
  "/Users/nataliamesquita/datatech/icones-bandeiras-br-uf/data/raw-flags/MG/3164431-sao-sebastiao-da-vargem-alegre.jpg",
  "/Users/nataliamesquita/datatech/icones-bandeiras-br-uf/data/raw-flags/MG/3165701-senador-firmino.jpg",
  "/Users/nataliamesquita/datatech/icones-bandeiras-br-uf/data/raw-flags/MG/3166105-senhora-do-porto.jpg",
  "/Users/nataliamesquita/datatech/icones-bandeiras-br-uf/data/raw-flags/PR/4127700-toledo.jpg",
  "/Users/nataliamesquita/datatech/icones-bandeiras-br-uf/data/raw-flags/MG/3169356-tres-marias.jpg",
  "/Users/nataliamesquita/datatech/icones-bandeiras-br-uf/data/raw-flags/PI/2211209-urucui.png",
  "/Users/nataliamesquita/datatech/icones-bandeiras-br-uf/data/raw-flags/RS/4312757-nova-alvorada.png",
  "/Users/nataliamesquita/datatech/icones-bandeiras-br-uf/data/raw-flags/MT/5100508-alto-paraguai.jpg",
  "/Users/nataliamesquita/datatech/icones-bandeiras-br-uf/data/raw-flags/MT/5102694-canabrava-do-norte.jpg",
  "/Users/nataliamesquita/datatech/icones-bandeiras-br-uf/data/raw-flags/MT/5106273-novo-horizonte-do-norte.jpeg",
  "/Users/nataliamesquita/datatech/icones-bandeiras-br-uf/data/raw-flags/TO/1707652-figueiropolis.jpg",
  "/Users/nataliamesquita/datatech/icones-bandeiras-br-uf/data/raw-flags/MT/5107248-santa-carmem.png",
  "/Users/nataliamesquita/datatech/icones-bandeiras-br-uf/data/raw-flags/MT/5107792-santo-antonio-do-leste.jpeg",
  "/Users/nataliamesquita/datatech/icones-bandeiras-br-uf/data/raw-flags/MT/5107958-tangara-da-serra.jpg",
  "/Users/nataliamesquita/datatech/icones-bandeiras-br-uf/data/raw-flags/MT/5106851-porto-estrela.png",
  "/Users/nataliamesquita/datatech/icones-bandeiras-br-uf/data/raw-flags/MT/5107305-sao-jose-do-rio-claro.png",
  "/Users/nataliamesquita/datatech/icones-bandeiras-br-uf/data/raw-flags/SC/4215679-santa-terezinha.jpg",
  "/Users/nataliamesquita/datatech/icones-bandeiras-br-uf/data/raw-flags/PA/1502756-concordia-do-para.png",
  "/Users/nataliamesquita/datatech/icones-bandeiras-br-uf/data/raw-flags/PA/1505031-novo-progresso.png",
  "/Users/nataliamesquita/datatech/icones-bandeiras-br-uf/data/raw-flags/PA/1502004-cachoeira-do-arari.jpg",
  "/Users/nataliamesquita/datatech/icones-bandeiras-br-uf/data/raw-flags/PA/1504307-maracana.jpg",
  "/Users/nataliamesquita/datatech/icones-bandeiras-br-uf/data/raw-flags/PA/1506500-santa-izabel-do-para.jpg",
  "/Users/nataliamesquita/datatech/icones-bandeiras-br-uf/data/raw-flags/PA/1506906-santarem-novo.png",
  "/Users/nataliamesquita/datatech/icones-bandeiras-br-uf/data/raw-flags/PA/1507979-terra-santa.jpg",
  "/Users/nataliamesquita/datatech/icones-bandeiras-br-uf/data/raw-flags/PE/2600609-alagoinha.jpg",
  "/Users/nataliamesquita/datatech/icones-bandeiras-br-uf/data/raw-flags/PB/2501708-barra-de-sao-miguel.jpg",
  "/Users/nataliamesquita/datatech/icones-bandeiras-br-uf/data/raw-flags/PB/2513356-santa-ines.jpg",
  "/Users/nataliamesquita/datatech/icones-bandeiras-br-uf/data/raw-flags/PB/2515401-sao-vicente-do-serido.jpg",
  "/Users/nataliamesquita/datatech/icones-bandeiras-br-uf/data/raw-flags/PB/2511103-pedra-lavrada.png",
  "/Users/nataliamesquita/datatech/icones-bandeiras-br-uf/data/raw-flags/PI/2209302-santa-luz.svg",
  "/Users/nataliamesquita/datatech/icones-bandeiras-br-uf/data/raw-flags/PB/2513968-sao-domingos.png",
  "/Users/nataliamesquita/datatech/icones-bandeiras-br-uf/data/raw-flags/PB/2514305-sao-jose-de-caiana.jpg",
  "/Users/nataliamesquita/datatech/icones-bandeiras-br-uf/data/raw-flags/PB/2514800-sao-jose-dos-cordeiros.png",
  "/Users/nataliamesquita/datatech/icones-bandeiras-br-uf/data/raw-flags/PB/2515708-serra-grande.jpg",
  "/Users/nataliamesquita/datatech/icones-bandeiras-br-uf/data/raw-flags/PE/2608750-lagoa-grande.jpg",
  "/Users/nataliamesquita/datatech/icones-bandeiras-br-uf/data/raw-flags/PE/2613206-sao-joao.gif",
  "/Users/nataliamesquita/datatech/icones-bandeiras-br-uf/data/raw-flags/SP/3535101-palmares-paulista.png",
  "/Users/nataliamesquita/datatech/icones-bandeiras-br-uf/data/raw-flags/PE/2612703-santa-maria-do-cambuca.png",
  "/Users/nataliamesquita/datatech/icones-bandeiras-br-uf/data/raw-flags/PE/2613602-sao-jose-do-egito.jpeg",
  "/Users/nataliamesquita/datatech/icones-bandeiras-br-uf/data/raw-flags/PI/2201051-assuncao-do-piaui.png",
  "/Users/nataliamesquita/datatech/icones-bandeiras-br-uf/data/raw-flags/PI/2209401-santo-antonio-de-lisboa.png",
  "/Users/nataliamesquita/datatech/icones-bandeiras-br-uf/data/raw-flags/PI/2210383-sao-miguel-da-baixa-grande.jpg",
  "/Users/nataliamesquita/datatech/icones-bandeiras-br-uf/data/raw-flags/RN/2401701-bom-jesus.jpg",
  "/Users/nataliamesquita/datatech/icones-bandeiras-br-uf/data/raw-flags/PI/2202729-cocal-dos-alves.jpg",
  "/Users/nataliamesquita/datatech/icones-bandeiras-br-uf/data/raw-flags/PI/2205573-lagoa-de-sao-francisco.jpg",
  "/Users/nataliamesquita/datatech/icones-bandeiras-br-uf/data/raw-flags/PI/2206506-monsenhor-hipolito.jpg",
  "/Users/nataliamesquita/datatech/icones-bandeiras-br-uf/data/raw-flags/PI/2209500-santo-inacio-do-piaui.png",
  "/Users/nataliamesquita/datatech/icones-bandeiras-br-uf/data/raw-flags/PI/2210631-sebastiao-leal.png",
  "/Users/nataliamesquita/datatech/icones-bandeiras-br-uf/data/raw-flags/PR/4116505-nova-alianca-do-ivai.jpg",
  "/Users/nataliamesquita/datatech/icones-bandeiras-br-uf/data/raw-flags/PR/4104006-campina-grande-do-sul.jpg",
  "/Users/nataliamesquita/datatech/icones-bandeiras-br-uf/data/raw-flags/PR/4104253-campo-magro.jpg",
  "/Users/nataliamesquita/datatech/icones-bandeiras-br-uf/data/raw-flags/PR/4120655-quarto-centenario.png",
  "/Users/nataliamesquita/datatech/icones-bandeiras-br-uf/data/raw-flags/PR/4122008-rio-azul.png",
  "/Users/nataliamesquita/datatech/icones-bandeiras-br-uf/data/raw-flags/PR/4127007-teixeira-soares.jpg",
  "/Users/nataliamesquita/datatech/icones-bandeiras-br-uf/data/raw-flags/PR/4106704-cruzeiro-do-sul.jpg",
  "/Users/nataliamesquita/datatech/icones-bandeiras-br-uf/data/raw-flags/PR/4111209-itapejara-d-oeste.png",
  "/Users/nataliamesquita/datatech/icones-bandeiras-br-uf/data/raw-flags/PR/4117107-nova-londrina.jpg",
  "/Users/nataliamesquita/datatech/icones-bandeiras-br-uf/data/raw-flags/PR/4108700-grandes-rios.jpg",
  "/Users/nataliamesquita/datatech/icones-bandeiras-br-uf/data/raw-flags/PR/4115754-maua-da-serra.jpg",
  "/Users/nataliamesquita/datatech/icones-bandeiras-br-uf/data/raw-flags/SP/3524303-jaboticabal.svg",
  "/Users/nataliamesquita/datatech/icones-bandeiras-br-uf/data/raw-flags/SP/3526407-laranjal-paulista.svg",
  "/Users/nataliamesquita/datatech/icones-bandeiras-br-uf/data/raw-flags/PR/4125555-sao-manoel-do-parana.jpg",
  "/Users/nataliamesquita/datatech/icones-bandeiras-br-uf/data/raw-flags/PR/4121356-rancho-alegre-d-oeste.jpg",
  "/Users/nataliamesquita/datatech/icones-bandeiras-br-uf/data/raw-flags/PR/4123907-santa-mariana.jpg",
  "/Users/nataliamesquita/datatech/icones-bandeiras-br-uf/data/raw-flags/PR/4125456-sao-jose-das-palmeiras.jpg",
  "/Users/nataliamesquita/datatech/icones-bandeiras-br-uf/data/raw-flags/TO/1701051-angico.png",
  "/Users/nataliamesquita/datatech/icones-bandeiras-br-uf/data/raw-flags/RN/2413805-taboleiro-grande.png",
  "/Users/nataliamesquita/datatech/icones-bandeiras-br-uf/data/raw-flags/RN/2401909-caicara-do-rio-do-vento.jpg",
  "/Users/nataliamesquita/datatech/icones-bandeiras-br-uf/data/raw-flags/RN/2411502-santo-antonio.png",
  "/Users/nataliamesquita/datatech/icones-bandeiras-br-uf/data/raw-flags/RN/2412401-sao-jose-do-serido.png",
  "/Users/nataliamesquita/datatech/icones-bandeiras-br-uf/data/raw-flags/RN/2412302-sao-jose-do-campestre.png",
  "/Users/nataliamesquita/datatech/icones-bandeiras-br-uf/data/raw-flags/RN/2406601-lagoa-salgada.png",
  "/Users/nataliamesquita/datatech/icones-bandeiras-br-uf/data/raw-flags/RN/2407906-monte-das-gameleiras.png",
  "/Users/nataliamesquita/datatech/icones-bandeiras-br-uf/data/raw-flags/RN/2409605-pedra-preta.png",
  "/Users/nataliamesquita/datatech/icones-bandeiras-br-uf/data/raw-flags/RN/2413409-serra-negra-do-norte.png",
  "/Users/nataliamesquita/datatech/icones-bandeiras-br-uf/data/raw-flags/RN/2412807-sao-rafael.jpg",
  "/Users/nataliamesquita/datatech/icones-bandeiras-br-uf/data/raw-flags/RN/2413201-senador-georgino-avelino.png",
  "/Users/nataliamesquita/datatech/icones-bandeiras-br-uf/data/raw-flags/RS/4322707-vera-cruz.png",
  "/Users/nataliamesquita/datatech/icones-bandeiras-br-uf/data/raw-flags/SP/3556602-vera-cruz.png",
  "/Users/nataliamesquita/datatech/icones-bandeiras-br-uf/data/raw-flags/RS/4323606-vista-alegre-do-prata.jpg",
  "/Users/nataliamesquita/datatech/icones-bandeiras-br-uf/data/raw-flags/RS/4312955-nova-boa-vista.jpg",
  "/Users/nataliamesquita/datatech/icones-bandeiras-br-uf/data/raw-flags/RS/4313425-novo-machado.jpg",
  "/Users/nataliamesquita/datatech/icones-bandeiras-br-uf/data/raw-flags/RS/4313011-nova-candelaria.jpg",
  "/Users/nataliamesquita/datatech/icones-bandeiras-br-uf/data/raw-flags/RS/4304663-capao-do-leao.jpg",
  "/Users/nataliamesquita/datatech/icones-bandeiras-br-uf/data/raw-flags/RS/4310330-imbe.jpg",
  "/Users/nataliamesquita/datatech/icones-bandeiras-br-uf/data/raw-flags/TO/1712009-lajeado.jpg",
  "/Users/nataliamesquita/datatech/icones-bandeiras-br-uf/data/raw-flags/RS/4322533-vale-do-sol.jpg",
  "/Users/nataliamesquita/datatech/icones-bandeiras-br-uf/data/raw-flags/RS/4317558-santo-antonio-do-palma.jpg",
  "/Users/nataliamesquita/datatech/icones-bandeiras-br-uf/data/raw-flags/RS/4317707-santo-antonio-das-missoes.jpg",
  "/Users/nataliamesquita/datatech/icones-bandeiras-br-uf/data/raw-flags/RS/4319711-sao-valentim-do-sul.png",
  "/Users/nataliamesquita/datatech/icones-bandeiras-br-uf/data/raw-flags/TO/1720499-sao-valerio.png",
  "/Users/nataliamesquita/datatech/icones-bandeiras-br-uf/data/raw-flags/RS/4323101-vicente-dutra.jpg",
  "/Users/nataliamesquita/datatech/icones-bandeiras-br-uf/data/raw-flags/RS/4322855-vespasiano-correa.jpg",
  "/Users/nataliamesquita/datatech/icones-bandeiras-br-uf/data/raw-flags/SP/3551702-sertaozinho.svg",
  "/Users/nataliamesquita/datatech/icones-bandeiras-br-uf/data/raw-flags/SC/4215109-rodeio.jpg",
  "/Users/nataliamesquita/datatech/icones-bandeiras-br-uf/data/raw-flags/SC/4202073-balneario-gaivota.png",
  "/Users/nataliamesquita/datatech/icones-bandeiras-br-uf/data/raw-flags/SP/3505302-barra-bonita.jpg",
  "/Users/nataliamesquita/datatech/icones-bandeiras-br-uf/data/raw-flags/SC/4203501-campo-ere.png",
  "/Users/nataliamesquita/datatech/icones-bandeiras-br-uf/data/raw-flags/SC/4213807-praia-grande.png",
  "/Users/nataliamesquita/datatech/icones-bandeiras-br-uf/data/raw-flags/SC/4213351-ponte-alta-do-norte.png",
  "/Users/nataliamesquita/datatech/icones-bandeiras-br-uf/data/raw-flags/SC/4219176-vargem-bonita.png",
  "/Users/nataliamesquita/datatech/icones-bandeiras-br-uf/data/raw-flags/SP/3549003-sao-francisco.png",
  "/Users/nataliamesquita/datatech/icones-bandeiras-br-uf/data/raw-flags/SP/3546207-santa-cruz-da-conceicao.png",
  "/Users/nataliamesquita/datatech/icones-bandeiras-br-uf/data/raw-flags/SP/3531209-monte-alegre-do-sul.png",
  "/Users/nataliamesquita/datatech/icones-bandeiras-br-uf/data/raw-flags/SP/3521705-itabera.png",
  "/Users/nataliamesquita/datatech/icones-bandeiras-br-uf/data/raw-flags/TO/1713205-miracema-do-tocantins.jpg"
]